{
  "generationParameters": {
    "generationDate": "Wed Aug 20 2025 08:51:17 GMT+0000 (Coordinated Universal Time)",
    "generatorPlatform": "SAP Business Application Studio",
    "serviceType": "SAP System (ABAP On-Premise)",
    "metadataFilename": "",
    "serviceUrl": "http://azktlds5cp.kcloud.com:8000/sap/opu/odata/sap/Z48_EHSM_BINDING",
    "appName": "ehsm_portal",
    "appTitle": "EHS_Management_Portal",
    "appDescription": "An SAP Fiori application.",
    "appNamespace": "",
    "ui5Theme": "sap_horizon",
    "ui5Version": "1.120.14",
    "enableCodeAssist": false,
    "enableEslint": false,
    "enableTypeScript": false,
    "showMockDataInfo": true,
    "generatorVersion": "1.18.5",
    "template": "Basic V2",
    "generatorName": "SAP Fiori Application Generator",
    "entityRelatedConfig": [],
    "launchText": "To launch the generated application, run the following from the generated application root folder:\n\n```\n    npm start\n```"
  }
}
