{
  "welcomeFile": "/index.html",
  "authenticationMethod": "route",
  "routes": [
    {
      "source": "^/resources/(.*)$",
      "target": "/resources/$1",
      "service": "html5-apps-repo-rt"
    },
    {
      "source": "^/test-resources/(.*)$",
      "target": "/test-resources/$1",
      "service": "html5-apps-repo-rt"
    },
    {
      "source": "^/sap/(.*)$",
      "target": "/sap/$1",
      "authenticationType": "xsuaa",
      "destination": "S4_EHSM"
    }
  ]
}


